DATE,MAX_TEMPERATURE_C,MIN_TEMPERATURE_C,WINDSPEED_MAX_KMH,TEMPERATURE_MORNING_C,TEMPERATURE_NOON_C,TEMPERATURE_EVENING_C,PRECIP_TOTAL_DAY_MM,HUMIDITY_MAX_PERCENT,VISIBILITY_AVG_KM,PRESSURE_MAX_MB,CLOUDCOVER_AVG_PERCENT,HEATINDEX_MAX_C,DEWPOINT_MAX_C,WINDTEMP_MAX_C,WEATHER_CODE_MORNING,WEATHER_CODE_NOON,WEATHER_CODE_EVENING,TOTAL_SNOW_MM,UV_INDEX,SUNHOUR,OPINION,SUNSET,SUNRISE,TEMPERATURE_NIGHT_C
2020-01-01,6,1,8,1,4,4,0,95,7.375,1032,32.125,6,4,-1,116,143,116,0,2,8.6,météo très défavorable,17:09:00,08:46:00,1
2020-01-02,9,3,12,7,8,7,1,98,5.375,1029,83,9,7,6,248,143,116,0,2,3.2,météo défavorable,17:10:00,08:46:00,6
2020-01-03,10,5,24,10,10,7,0.6,92,9.875,1032,80.375,10,8,7,122,176,353,0,2,3.2,météo très défavorable,17:11:00,08:46:00,9
2020-01-04,7,3,11,3,6,6,0,90,10,1037,31,7,4,1,116,116,116,0,3,8.7,météo très défavorable,17:12:00,08:45:00,4
2020-01-05,8,4,7,6,8,6,0,85,10,1037,49,8,4,5,119,119,116,0,2,6.9,météo très défavorable,17:13:00,08:45:00,6
2020-01-06,6,1,18,1,4,5,0,95,9,1033,23.75,6,5,-2,116,116,116,0,2,8.7,météo très défavorable,17:15:00,08:45:00,2
2020-01-07,10,4,11,6,8,9,0.1,93,6.25,1030,64.5,10,8,4,143,143,116,0,2,8.7,météo défavorable,17:16:00,08:45:00,8
2020-01-08,12,9,17,11,12,12,0.2,96,10,1026,100,12,11,9,176,122,176,0,3,3.3,météo défavorable,17:17:00,08:44:00,11
2020-01-09,12,10,31,11,12,11,2.7,92,8.75,1024,98.75,12,10,8,122,266,176,0,3,3.3,météo défavorable,17:18:00,08:44:00,11
2020-01-10,9,4,27,7,8,6,2.4,83,9.75,1032,69.125,9,5,3,296,176,176,0,2,3.3,météo défavorable,17:19:00,08:44:00,8
2020-01-11,6,2,13,2,5,5,0,91,10,1033,26.875,6,3,0,116,116,122,0,2,6.9,météo très défavorable,17:21:00,08:43:00,2
2020-01-12,7,1,24,3,7,5,0,95,10,1029,76.25,7,6,-1,116,122,122,0,3,3.3,météo très défavorable,17:22:00,08:43:00,3
2020-01-13,8,6,31,6,8,8,0.8,97,7.625,1025,97,8,7,3,143,122,266,0,2,3.3,météo très défavorable,17:23:00,08:42:00,6
2020-01-14,9,6,40,9,9,9,0.9,82,8,1009,95.5,9,6,4,266,266,176,0,2,3.3,météo défavorable,17:25:00,08:42:00,9
2020-01-15,9,7,33,7,8,8,0.4,79,9.375,1019,71.875,9,7,3,116,116,176,0,2,5.1,météo défavorable,17:26:00,08:41:00,9
2020-01-16,10,5,23,5,9,10,0,96,9,1024,35,10,6,2,143,116,116,0,3,6.9,météo très défavorable,17:28:00,08:40:00,5
2020-01-17,10,4,29,9,10,6,1,90,10,1025,68.625,10,7,6,176,176,353,0,3,3.3,météo défavorable,17:29:00,08:39:00,9
2020-01-18,6,2,18,2,5,4,0,92,10,1032,41.625,6,2,-2,116,116,119,0,2,5.1,météo très défavorable,17:30:00,08:39:00,3
2020-01-19,6,1,27,1,5,4,0.2,92,10,1042,45.75,6,0,-4,116,116,176,0,2,6.9,météo très défavorable,17:32:00,08:38:00,1
2020-01-20,5,1,23,1,4,3,0,89,10,1045,9.625,5,0,-4,116,116,116,0,2,8.7,météo très défavorable,17:33:00,08:37:00,1
2020-01-21,5,-1,12,-1,3,2,0,92,10,1043,6,5,0,-5,116,116,116,0,2,8.7,météo très défavorable,17:35:00,08:36:00,-1
2020-01-22,5,-1,16,-1,3,2,0,83,10,1039,21.5,5,0,-5,116,116,116,0,2,8.7,météo très défavorable,17:36:00,08:35:00,-1
2020-01-23,6,0,18,0,4,3,0,85,10,1033,13,6,0,-5,116,116,116,0,2,8.7,météo très défavorable,17:38:00,08:34:00,0
2020-01-24,8,0,7,1,6,6,0,83,10,1025,32.5,8,5,-2,116,116,116,0,2,8.7,météo très défavorable,17:39:00,08:33:00,0
2020-01-25,9,3,9,3,7,7,0,94,9,1022,24.625,9,6,1,116,143,116,0,3,8.7,météo très défavorable,17:41:00,08:32:00,3
2020-01-26,9,4,19,4,7,8,0,96,8,1017,80.75,9,6,2,143,122,119,0,3,3.4,météo très défavorable,17:43:00,08:31:00,4
2020-01-27,9,6,30,8,9,8,4.7,89,8.5,1014,100,9,7,5,296,266,353,0,2,3.4,météo défavorable,17:44:00,08:30:00,8
2020-01-28,7,1,34,4,5,5,2.4,79,9.625,1008,67,7,5,-2,353,116,116,0,1,6.9,météo très défavorable,17:46:00,08:29:00,6
2020-01-29,7,2,20,3,6,6,4.5,90,9.5,1018,67.75,7,4,-1,122,116,176,0,2,8.7,météo très défavorable,17:47:00,08:27:00,4
2020-01-30,13,5,25,6,11,12,3.8,96,9.75,1016,91.625,13,11,2,122,296,176,0,3,3.5,météo défavorable,17:49:00,08:26:00,5
2020-01-31,13,7,22,11,12,12,0.2,96,10,1015,93.5,13,11,9,122,176,176,0,3,3.5,météo défavorable,17:50:00,08:25:00,11
2020-02-01,13,8,30,12,13,11,10.6,92,8.375,1017,93,13,11,9,296,266,353,0,3,3.5,météo défavorable,17:52:00,08:24:00,12
2020-02-02,14,10,30,11,14,13,9,95,8.25,1017,100,14,12,9,266,302,176,0,3,3.5,météo défavorable,17:54:00,08:22:00,11
2020-02-03,13,8,29,12,10,9,10,91,7.5,1019,100,13,11,8,176,302,296,0,3,3.5,météo défavorable,17:55:00,08:21:00,13
2020-02-04,7,4,35,4,7,6,8.8,79,9.375,1029,82.5,7,5,0,176,353,176,0,2,3.5,météo très défavorable,17:57:00,08:19:00,6
2020-02-05,7,2,12,2,6,5,0,94,10,1037,25,7,3,-1,116,119,116,0,2,7,météo très défavorable,17:58:00,08:18:00,3
2020-02-06,8,2,13,2,6,5,0,92,10,1034,7.75,8,2,-1,116,116,113,0,2,9.8,météo très défavorable,18:00:00,08:17:00,3
2020-02-07,8,0,14,0,5,7,0,77,10,1026,17.875,8,4,-4,113,113,116,0,2,9.9,météo très défavorable,18:02:00,08:15:00,1
2020-02-08,8,4,18,6,7,7,4.5,95,8.625,1024,75.875,8,6,2,116,266,176,0,2,4.9,météo très défavorable,18:03:00,08:14:00,5
2020-02-09,9,3,45,5,8,8,1.5,90,8.5,1022,77.875,9,9,1,116,119,266,0,2,5,météo très défavorable,18:05:00,08:12:00,5
2020-02-10,11,6,46,8,8,8,4.2,73,8.5,1014,93,11,10,2,263,296,296,0,2,5,météo défavorable,18:06:00,08:11:00,11
2020-02-11,7,4,28,4,6,6,2.6,87,9.125,1020,73.75,7,2,-1,293,263,353,0,2,5,météo très défavorable,18:08:00,08:09:00,5
2020-02-12,7,2,22,2,6,5,0.1,89,10,1022,66.625,7,2,-3,122,116,119,0,1,8.3,météo très défavorable,18:10:00,08:07:00,2
2020-02-13,8,5,45,5,8,8,8.9,89,8.5,1017,90.375,8,5,0,266,302,353,0,2,5,météo très défavorable,18:11:00,08:06:00,5
2020-02-14,11,7,19,7,9,9,0,91,10,1023,58.5,11,7,4,116,119,116,0,2,10,météo défavorable,18:13:00,08:04:00,7
2020-02-15,13,7,28,7,10,12,0,96,10,1023,85.75,13,8,3,122,119,122,0,3,5.1,météo défavorable,18:14:00,08:02:00,7
2020-02-16,14,11,49,12,14,14,2,70,9.75,1016,99,14,9,8,122,122,176,0,3,5.1,météo défavorable,18:16:00,08:01:00,12
2020-02-17,10,6,28,6,9,8,7.8,89,8.25,1023,73.625,10,5,3,296,176,353,0,2,8.4,météo défavorable,18:18:00,07:59:00,7
2020-02-18,9,3,25,3,7,7,0.1,86,10,1029,55.375,9,3,-2,119,116,176,0,3,8.5,météo très défavorable,18:19:00,07:57:00,3
2020-02-19,9,5,21,5,8,8,3.2,86,8.75,1026,81.75,9,6,1,293,122,266,0,3,5.3,météo très défavorable,18:21:00,07:56:00,6
2020-02-20,9,6,30,7,9,9,1.2,87,10,1023,88.625,9,7,3,122,116,176,0,2,5.3,météo défavorable,18:22:00,07:54:00,6
2020-02-21,8,1,18,1,6,6,0,89,10,1032,17.875,8,2,-3,116,116,116,0,2,10.7,météo très défavorable,18:24:00,07:52:00,2
2020-02-22,12,4,29,4,9,11,0.1,87,10,1030,33.875,12,9,-1,116,116,119,0,3,8.5,météo très défavorable,18:26:00,07:50:00,4
2020-02-23,13,9,38,11,13,12,0.1,89,10,1030,98.375,13,10,7,122,122,122,0,3,5.4,météo défavorable,18:27:00,07:48:00,10
2020-02-24,12,9,35,11,11,10,0,88,10,1027,93.125,12,10,8,122,122,119,0,3,5.4,météo défavorable,18:29:00,07:47:00,11
2020-02-25,10,5,30,8,9,7,5.1,84,9.625,1013,81.25,10,8,4,296,176,353,0,2,5.4,météo défavorable,18:30:00,07:45:00,10
2020-02-26,6,1,39,1,5,4,6,85,5.875,1016,78.75,6,2,-5,179,230,176,0,1,5.4,météo très défavorable,18:32:00,07:43:00,2
2020-02-27,12,2,42,3,9,10,8.4,92,8.25,1016,87.375,12,9,-2,122,302,266,0,3,5.5,météo très défavorable,18:34:00,07:41:00,2
2020-02-28,11,6,30,6,9,11,12.3,97,7.125,1007,84,11,9,4,116,302,266,0,3,5.5,météo défavorable,18:35:00,07:39:00,6
2020-02-29,9,5,45,9,7,6,3.2,85,8.625,1005,83.625,9,9,3,119,296,176,0,2,7,météo défavorable,18:37:00,07:37:00,9
2020-03-01,8,-1,29,3,8,4,12.7,85,8.75,1000,88.625,8,5,-2,122,122,302,0,2,5.5,météo très défavorable,18:38:00,07:35:00,4
2020-03-02,8,3,28,5,7,6,7.2,87,9.25,1001,66.125,8,5,0,302,116,176,0,3,8.6,météo très défavorable,18:40:00,07:33:00,6
2020-03-03,6,1,18,1,6,4,0.1,90,10,1009,52.375,6,2,-4,116,116,176,0,1,8.6,météo très défavorable,18:41:00,07:31:00,2
2020-03-04,7,1,22,1,7,6,0.6,92,9.875,1016,62.625,7,5,-3,116,116,176,0,2,7.1,météo très défavorable,18:43:00,07:29:00,1
2020-03-05,10,5,42,10,10,8,15.9,96,6.875,1005,100,10,9,5,302,302,266,0,2,5.6,météo défavorable,18:45:00,07:27:00,8
2020-03-06,8,3,22,3,7,6,1.1,89,8.875,1012,55,8,4,-1,176,116,176,0,2,11.2,météo très défavorable,18:46:00,07:25:00,4
2020-03-07,9,1,14,1,8,8,0,94,9,1021,41.875,9,6,-2,116,116,122,0,3,8.6,météo très défavorable,18:48:00,07:23:00,2
2020-03-08,11,6,31,7,10,9,4.9,91,8.875,1020,86.25,11,8,2,119,266,176,0,2,5.6,météo défavorable,18:49:00,07:21:00,6
2020-03-09,9,3,23,3,8,8,2.3,89,9.75,1021,65.25,9,6,-1,116,119,353,0,2,7.1,météo très défavorable,18:51:00,07:19:00,4
2020-03-10,12,5,31,9,11,12,6.2,93,8.5,1020,98.75,12,11,5,296,296,122,0,3,5.7,météo défavorable,18:52:00,07:17:00,8
2020-03-11,16,11,29,12,14,13,0.4,91,10,1019,56.5,16,10,9,176,353,116,0,3,10.1,météo correcte,18:54:00,07:15:00,12
2020-03-12,10,6,24,10,10,9,1.2,91,8,1019,88.375,10,9,7,176,266,176,0,3,5.7,météo défavorable,18:55:00,07:13:00,10
2020-03-13,10,2,18,2,9,8,0.8,85,9.875,1024,40.625,10,3,-2,116,116,353,0,2,8.7,météo très défavorable,18:57:00,07:11:00,3
2020-03-14,9,2,20,3,8,7,0.3,89,10,1023,78.25,9,7,1,122,122,353,0,2,5.7,météo très défavorable,18:58:00,07:09:00,4
2020-03-15,13,4,23,4,11,11,0,96,8,1018,71.625,13,7,1,143,122,119,0,2,6,météo très défavorable,19:00:00,07:07:00,5
2020-03-16,13,8,11,8,12,12,0.7,92,10,1025,83.375,13,9,7,119,119,353,0,4,6,météo défavorable,19:01:00,07:05:00,8
2020-03-17,14,6,7,8,11,12,0.4,94,7.625,1031,73.75,14,9,7,143,119,116,0,3,8.8,météo défavorable,19:03:00,07:03:00,8
2020-03-18,16,8,12,8,15,14,0.5,92,10,1029,47.5,16,10,7,116,116,176,0,4,8.8,météo correcte,19:05:00,07:00:00,9
2020-03-19,18,8,4,8,16,15,0.6,92,9.875,1025,49.875,18,10,8,116,116,116,0,3,10.3,météo favorable,19:06:00,06:58:00,9
2020-03-20,15,9,21,9,14,12,0.2,84,10,1022,65.25,15,9,8,176,119,116,0,3,10.3,météo défavorable,19:08:00,06:56:00,10
2020-03-21,9,6,24,6,9,8,0,88,10,1022,81.75,9,5,2,119,122,119,0,3,6.3,météo défavorable,19:09:00,06:54:00,6
2020-03-22,9,3,32,3,7,8,0,77,10,1022,49.75,9,1,-2,119,116,122,0,3,10.3,météo très défavorable,19:11:00,06:52:00,4
2020-03-23,10,0,26,0,7,8,0,63,10,1025,4.375,10,1,-6,116,113,113,0,3,11.6,météo très défavorable,19:12:00,06:50:00,2
2020-03-24,10,-1,19,-1,7,7,0,65,10,1026,0,10,0,-6,113,113,113,0,2,11.6,météo très défavorable,19:14:00,06:48:00,0
2020-03-25,10,-2,17,-2,8,7,0,69,10,1024,0.75,10,0,-6,113,113,113,0,3,11.6,météo très défavorable,19:15:00,06:46:00,0
2020-03-26,8,-1,20,-1,7,6,0,64,10,1020,2.5,8,0,-5,113,113,116,0,2,11.6,météo très défavorable,19:16:00,06:44:00,1
2020-03-27,11,1,18,1,9,9,0.1,80,10,1020,49.125,11,4,-3,116,116,122,0,3,9,météo très défavorable,19:18:00,06:42:00,1
2020-03-28,13,7,17,7,12,12,0.5,87,10,1023,70.625,13,8,5,119,116,353,0,3,7.7,météo défavorable,19:19:00,06:39:00,7
2020-03-29,8,2,39,2,7,6,0,73,10,1031,46.875,8,2,-3,116,119,116,0,3,10.3,météo très défavorable,19:21:00,06:37:00,4
2020-03-30,7,-2,35,-2,5,6,0,59,10,1030,7.875,7,0,-8,113,113,116,0,1,11.6,météo très défavorable,19:22:00,06:35:00,-1
2020-03-31,10,0,25,0,8,7,0,95,10,1027,12.625,10,1,-4,116,116,113,0,3,11.6,météo très défavorable,19:24:00,06:33:00,1
2020-04-01,11,0,16,0,9,8,0,68,10,1025,1.625,11,0,-4,113,113,113,0,3,11.6,météo très défavorable,19:25:00,06:31:00,1
2020-04-02,8,0,13,0,7,7,0.1,91,9,1020,43.75,8,3,-4,143,116,122,0,2,7.8,météo très défavorable,19:27:00,06:29:00,0
2020-04-03,12,3,11,4,11,10,2.2,91,9.75,1020,70.125,12,6,2,122,353,176,0,3,6.5,météo très défavorable,19:28:00,06:27:00,3
2020-04-04,15,4,17,4,13,12,0.4,94,8,1022,21.875,15,7,1,116,116,113,0,3,11.6,météo correcte,19:30:00,06:25:00,5
2020-04-05,17,5,22,5,15,15,0,91,10,1019,0.625,17,8,2,116,113,113,0,4,11.6,météo correcte,19:31:00,06:23:00,5
2020-04-06,12,2,21,7,12,6,3,87,9,1027,55.375,12,9,4,116,116,296,0,3,7.8,météo défavorable,19:33:00,06:21:00,8
2020-04-07,16,7,12,8,14,15,0.2,95,9,1030,76.25,16,11,7,122,116,176,0,3,7.8,météo défavorable,19:34:00,06:19:00,9
2020-04-08,20,9,10,9,18,17,0,91,10,1026,19.75,20,10,8,116,116,116,0,5,11.6,météo favorable,19:36:00,06:17:00,10
2020-04-09,21,11,11,11,19,18,0,78,10,1024,28.625,23,11,11,116,116,116,0,5,11.6,météo favorable,19:37:00,06:15:00,12
2020-04-10,21,10,14,10,19,18,0,77,10,1024,17.625,21,10,10,116,116,116,0,5,11.6,météo favorable,19:39:00,06:13:00,11
2020-04-11,21,12,9,12,19,18,0.7,87,9.875,1023,44.125,21,11,11,116,116,353,0,5,7.9,météo favorable,19:40:00,06:11:00,13
2020-04-12,21,11,10,11,20,17,0.1,79,10,1021,26.875,21,10,11,116,116,116,0,5,11.6,météo favorable,19:42:00,06:09:00,12
2020-04-13,18,10,27,10,17,15,1.3,93,9.875,1021,67.875,18,12,10,122,176,176,0,3,6.7,météo défavorable,19:43:00,06:07:00,10
2020-04-14,12,3,24,3,9,10,0,68,10,1026,1.375,12,2,-2,113,116,113,0,3,11.6,météo très défavorable,19:44:00,06:05:00,4
2020-04-15,15,3,22,3,12,13,0,72,10,1024,2.375,15,8,0,113,113,113,0,4,11.6,météo correcte,19:46:00,06:03:00,4
2020-04-16,20,8,15,8,17,18,0,87,10,1018,17.5,20,12,7,116,116,116,0,5,11.6,météo favorable,19:47:00,06:01:00,8
2020-04-17,19,11,14,12,18,17,2.9,92,9.5,1016,67.5,19,12,11,116,293,176,0,5,9.9,météo défavorable,19:49:00,05:59:00,11
2020-04-18,19,12,14,12,17,17,2.7,95,9.25,1017,61.5,19,12,11,353,122,116,0,4,11,météo correcte,19:50:00,05:58:00,13
2020-04-19,18,10,15,10,15,18,3.6,94,8.625,1017,73,18,14,9,116,119,176,0,3,9.9,météo défavorable,19:52:00,05:56:00,10
2020-04-20,17,10,26,10,15,15,0.1,85,10,1012,42.5,17,11,8,116,116,116,0,3,13.3,météo correcte,19:53:00,05:54:00,11
2020-04-21,16,9,20,9,15,15,0,69,10,1010,14.625,16,10,6,116,116,116,0,4,14,météo correcte,19:55:00,05:52:00,10
2020-04-22,18,8,19,8,15,17,0,73,10,1016,4.125,18,11,6,113,116,116,0,4,14.1,météo favorable,19:56:00,05:50:00,9
2020-04-23,20,9,6,9,18,19,0,87,10,1018,10.125,20,13,9,116,113,116,0,5,14.1,météo favorable,19:57:00,05:48:00,9
2020-04-24,20,11,7,12,20,18,4.2,82,9.75,1017,48,22,15,12,116,116,176,0,5,12.2,météo favorable,19:59:00,05:47:00,11
2020-04-25,19,10,17,10,18,17,0.2,91,10,1013,37,19,11,9,116,116,116,0,4,14.5,météo favorable,20:00:00,05:45:00,11
2020-04-26,18,7,11,7,16,16,0,84,10,1011,4.375,18,8,5,116,116,116,0,4,14.5,météo favorable,20:02:00,05:43:00,7
2020-04-27,19,8,8,10,18,16,2.6,74,9.75,1010,53.25,19,12,10,116,119,122,0,5,12.4,météo correcte,20:03:00,05:41:00,8
2020-04-28,17,11,27,11,15,15,0.4,95,8.625,1007,68.875,17,12,9,122,353,116,0,3,11.3,météo défavorable,20:05:00,05:40:00,11
2020-04-29,14,9,30,10,14,11,6.3,92,8.875,1008,86.75,14,10,8,119,176,296,0,4,9.2,météo défavorable,20:06:00,05:38:00,9
2020-04-30,12,6,32,6,12,11,3.6,93,9.25,1006,81.875,12,9,3,176,176,353,0,3,10.3,météo défavorable,20:07:00,05:36:00,7
2020-05-01,14,8,27,9,13,12,8.8,94,8.625,1007,83.25,14,10,6,296,176,353,0,3,9.2,météo défavorable,20:09:00,05:34:00,8
2020-05-02,15,4,18,6,14,13,0.3,94,10,1017,43,15,8,3,116,116,176,0,4,12.4,météo correcte,20:10:00,05:33:00,4
2020-05-03,18,10,22,11,17,17,9,99,8.5,1017,76.125,18,14,10,296,353,176,0,5,9.3,météo défavorable,20:12:00,05:31:00,10
2020-05-04,19,12,8,13,18,18,0.8,93,10,1019,80.875,19,13,13,122,122,176,0,4,9.3,météo défavorable,20:13:00,05:30:00,12
2020-05-05,15,12,17,12,12,15,0.3,89,10,1018,54.875,15,12,10,176,176,116,0,4,13.5,météo correcte,20:14:00,05:28:00,13
2020-05-06,19,9,10,9,17,18,0,94,7.625,1022,25.625,19,13,8,143,116,116,0,4,14.5,météo favorable,20:16:00,05:26:00,9
2020-05-07,18,7,10,8,16,16,0,84,10,1025,17.125,18,9,6,116,116,116,0,4,14.5,météo favorable,20:17:00,05:25:00,7
2020-05-08,19,9,11,10,17,19,0,87,10,1021,23.375,19,14,9,122,116,116,0,5,14.5,météo favorable,20:19:00,05:23:00,9
2020-05-09,19,14,10,14,17,19,5.5,92,9.125,1014,66.75,19,17,14,119,263,176,0,4,10.4,météo défavorable,20:20:00,05:22:00,14
2020-05-10,19,14,7,14,18,18,7,94,8.375,1007,75.875,19,17,14,176,296,356,0,4,10.4,météo défavorable,20:21:00,05:20:00,14
2020-05-11,13,4,39,4,7,10,27.3,95,8.25,1018,72.125,13,12,-2,302,302,116,0,2,11.4,météo très défavorable,20:23:00,05:19:00,8
2020-05-12,12,4,21,4,10,11,0,68,10,1020,59.375,12,5,1,116,116,122,0,3,10.4,météo très défavorable,20:24:00,05:18:00,4
2020-05-13,14,5,26,6,12,13,0,75,10,1016,34.625,14,8,2,116,116,116,0,4,13.5,météo correcte,20:25:00,05:16:00,5
2020-05-14,13,4,27,4,12,11,0.2,77,10,1016,47,13,6,0,116,119,176,0,3,11.5,météo correcte,20:27:00,05:15:00,4
2020-05-15,14,5,26,5,12,13,0,79,10,1023,2.875,14,8,0,113,113,113,0,4,14.5,météo correcte,20:28:00,05:14:00,5
2020-05-16,16,4,15,5,14,15,0,89,10,1025,2.75,16,10,2,113,116,116,0,4,14.5,météo correcte,20:29:00,05:12:00,4
2020-05-17,18,6,10,7,16,16,0,92,9,1025,31.625,18,11,5,143,116,122,0,4,12.5,météo favorable,20:31:00,05:11:00,6
2020-05-18,19,8,9,9,17,18,0,90,10,1027,12.625,19,13,8,116,116,116,0,4,14.5,météo favorable,20:32:00,05:10:00,8
2020-05-19,20,7,14,8,18,19,0,84,10,1026,6.875,20,15,6,116,116,116,0,5,14.5,météo favorable,20:33:00,05:09:00,7
2020-05-20,22,10,10,11,20,22,0,91,9,1024,6.75,25,17,10,116,116,116,0,5,14.5,météo favorable,20:34:00,05:07:00,10
2020-05-21,24,14,6,15,23,23,0,91,10,1021,13.125,26,17,16,116,116,116,0,6,14.5,météo favorable,20:36:00,05:06:00,14
2020-05-22,21,15,18,17,21,17,1.3,93,9,1024,65,23,17,17,143,116,353,0,5,11.5,météo défavorable,20:37:00,05:05:00,16
2020-05-23,17,11,22,11,16,16,1.4,88,9.75,1031,59.625,17,12,10,119,116,176,0,4,11.6,météo correcte,20:38:00,05:04:00,12
2020-05-24,17,6,11,8,16,16,0.1,92,10,1035,27.625,17,11,6,116,116,116,0,3,14.5,météo correcte,20:39:00,05:03:00,6
2020-05-25,20,8,18,9,19,19,0.1,93,8,1034,21.375,20,13,8,143,116,116,0,5,14.5,météo favorable,20:40:00,05:02:00,8
2020-05-26,21,11,19,12,20,19,0.1,89,10,1035,16.25,21,14,11,113,116,116,0,4,14.5,météo favorable,20:42:00,05:01:00,11
2020-05-27,22,12,17,12,20,20,0.1,90,10,1034,14.625,25,15,11,116,116,116,0,5,14.5,météo favorable,20:43:00,05:00:00,12
2020-05-28,21,10,17,11,20,20,0,80,10,1032,4.25,23,14,9,113,116,116,0,5,14.5,météo favorable,20:44:00,05:00:00,10
2020-05-29,20,10,21,11,18,19,0,75,10,1027,2,20,12,9,116,116,113,0,5,14.5,météo favorable,20:45:00,04:59:00,10
2020-05-30,20,10,20,12,19,18,0,82,10,1022,0.25,20,12,10,116,113,113,0,5,14.5,météo favorable,20:46:00,04:58:00,10
2020-05-31,19,10,26,11,18,18,0,76,10,1020,1.375,19,12,9,113,113,113,0,5,14.5,météo favorable,20:47:00,04:57:00,10
2020-06-01,22,11,21,12,20,21,0.2,81,10,1018,22.125,23,15,10,116,116,116,0,5,13.6,météo favorable,20:48:00,04:57:00,11
2020-06-02,24,13,12,14,23,23,0.1,88,10,1018,20.875,25,15,14,113,113,116,0,6,14.5,météo favorable,20:49:00,04:56:00,13
2020-06-03,19,14,9,14,17,18,12.4,92,9.5,1013,71.125,19,15,15,353,353,353,0,5,10.9,météo défavorable,20:50:00,04:55:00,14
2020-06-04,14,10,17,10,13,14,4.2,96,9.75,1004,81.75,14,11,8,353,122,353,0,3,10,météo défavorable,20:50:00,04:55:00,10
2020-06-05,15,7,31,8,15,12,3.9,95,7.625,1004,75.375,15,11,5,116,266,296,0,3,10,météo défavorable,20:51:00,04:54:00,7
2020-06-06,14,9,26,10,14,13,1.9,91,9.875,1008,65.625,14,9,7,176,353,176,0,3,11.8,météo défavorable,20:52:00,04:54:00,10
2020-06-07,16,7,14,8,15,16,6.1,89,9.375,1012,67.875,16,12,5,119,176,353,0,4,10.9,météo défavorable,20:53:00,04:53:00,7
2020-06-08,17,8,17,9,17,16,4.6,94,8.5,1016,64.625,17,12,7,143,119,353,0,3,11.8,météo correcte,20:54:00,04:53:00,8
2020-06-09,14,6,19,7,14,14,0.5,91,9.875,1019,59.625,14,10,4,116,119,176,0,4,10.9,météo correcte,20:54:00,04:53:00,6
2020-06-10,17,7,13,8,16,17,0.6,90,9,1019,31.75,17,11,6,143,116,176,0,4,14.5,météo correcte,20:55:00,04:53:00,7
2020-06-11,17,9,5,9,12,17,3.7,93,7.75,1013,93.125,17,13,10,143,176,122,0,3,10,météo défavorable,20:56:00,04:52:00,9
2020-06-12,18,12,23,13,16,18,2.9,96,9.25,1005,64.625,19,13,11,122,353,353,0,4,10.9,météo correcte,20:56:00,04:52:00,12
2020-06-13,19,10,27,12,18,18,1.8,92,9.875,1013,50.375,19,14,10,116,116,176,0,4,12.7,météo favorable,20:57:00,04:52:00,10
2020-06-14,18,10,16,12,18,18,2.9,97,6.875,1017,76.875,18,15,10,248,176,176,0,4,10,météo défavorable,20:57:00,04:52:00,10
2020-06-15,19,11,14,12,17,18,10.9,96,8,1017,83.875,19,16,11,248,176,356,0,4,10,météo défavorable,20:58:00,04:52:00,11
2020-06-16,18,12,15,12,17,18,2.5,97,7.5,1017,89,18,15,11,248,176,176,0,4,10,météo défavorable,20:58:00,04:52:00,12
2020-06-17,19,12,10,12,18,19,6.3,96,7.25,1013,83.125,19,14,11,248,176,176,0,4,10,météo défavorable,20:58:00,04:52:00,12
2020-06-18,19,11,21,12,17,18,4,96,8.375,1016,77.75,19,14,10,248,122,176,0,4,10,météo défavorable,20:59:00,04:52:00,11
2020-06-19,19,11,17,12,18,18,5.2,96,7.375,1020,85.375,19,14,10,248,353,353,0,4,10,météo défavorable,20:59:00,04:52:00,11
2020-06-20,20,11,8,12,19,20,4.5,93,8.5,1023,58,21,15,13,143,353,176,0,4,12.7,météo correcte,20:59:00,04:52:00,11
2020-06-21,19,12,20,13,16,19,2.7,93,6.875,1023,59.75,19,16,12,143,122,353,0,5,10.9,météo correcte,20:59:00,04:52:00,12
2020-06-22,20,9,8,10,19,20,0,94,9,1027,6,21,13,9,143,116,113,0,5,16.5,météo favorable,21:00:00,04:53:00,9
2020-06-23,24,12,17,13,22,23,0,87,10,1025,18.375,26,17,13,116,122,113,0,6,16.5,météo correcte,21:00:00,04:53:00,12
2020-06-24,27,15,18,16,25,26,0,85,10,1021,0,28,20,16,113,113,113,0,6,16.5,météo idéale,21:00:00,04:53:00,15
2020-06-25,29,15,11,16,26,29,0,87,9.75,1017,9.125,31,20,16,113,116,200,0,6,16.5,météo favorable,21:00:00,04:54:00,15
2020-06-26,23,18,16,18,20,23,5,92,7.875,1012,64.75,25,19,18,176,263,353,0,5,13.2,météo correcte,21:00:00,04:54:00,19
2020-06-27,21,15,28,15,20,20,0.9,91,9.75,1014,80.25,24,16,15,116,176,176,0,5,12.3,météo défavorable,21:00:00,04:55:00,15
2020-06-28,19,12,20,13,16,18,1.6,82,10,1017,75.125,19,14,11,119,119,176,0,4,12.3,météo défavorable,21:00:00,04:55:00,12
2020-06-29,16,12,21,12,16,16,2.5,90,9,1018,56.125,16,13,10,266,116,116,0,3,13.6,météo correcte,20:59:00,04:56:00,12
2020-06-30,21,11,25,13,17,21,0.1,84,10,1016,80.625,21,16,11,119,122,122,0,5,10,météo défavorable,20:59:00,04:56:00,12
2020-07-01,22,15,25,16,22,20,3.3,93,8,1011,76.375,23,17,16,143,122,353,0,4,10,météo défavorable,20:59:00,04:57:00,15
2020-07-02,20,12,21,14,19,19,2.1,91,9.875,1017,71.75,20,13,12,353,119,176,0,4,11.8,météo défavorable,20:59:00,04:57:00,14
2020-07-03,20,10,17,11,19,19,0.5,92,8.75,1021,57.375,20,13,10,143,122,116,0,4,12.7,météo correcte,20:58:00,04:58:00,10
2020-07-04,20,12,23,13,19,19,0,85,10,1022,80.875,20,15,11,122,122,122,0,5,10,météo défavorable,20:58:00,04:59:00,12
2020-07-05,21,17,27,17,21,20,0.6,89,10,1019,89.875,23,16,17,122,176,176,0,4,9.7,météo défavorable,20:58:00,05:00:00,17
2020-07-06,18,9,21,11,17,17,0.9,87,9,1023,55.75,18,11,9,143,116,176,0,4,11.6,météo correcte,20:57:00,05:00:00,9
2020-07-07,22,9,5,11,20,21,0,91,9,1025,7.625,24,12,10,143,116,116,0,5,14.5,météo favorable,20:57:00,05:01:00,9
2020-07-08,23,11,13,13,22,22,0.2,77,10,1021,28.375,25,16,12,116,116,116,0,5,14.5,météo favorable,20:56:00,05:02:00,11
2020-07-09,26,15,18,16,24,25,0,91,8,1020,18.25,27,17,16,143,116,116,0,5,14.5,météo favorable,20:55:00,05:03:00,15
2020-07-10,21,15,21,16,20,19,1.4,89,7.875,1021,63.625,21,15,16,143,353,353,0,5,9.7,météo correcte,20:55:00,05:04:00,15
2020-07-11,21,9,18,11,20,20,0,86,10,1026,7.875,21,10,9,113,116,116,0,5,14.5,météo favorable,20:54:00,05:05:00,9
2020-07-12,22,10,17,11,20,21,0,82,10,1027,17.25,24,10,9,119,116,116,0,5,14.5,météo favorable,20:53:00,05:06:00,10
2020-07-13,24,12,17,13,22,22,0,83,10,1025,17.625,25,11,11,116,116,116,0,5,14.5,météo favorable,20:52:00,05:07:00,12
2020-07-14,20,11,15,13,18,19,3.1,73,9.625,1022,58,20,15,13,116,119,119,0,5,11.6,météo correcte,20:52:00,05:08:00,11
2020-07-15,19,12,18,13,18,18,2.3,93,8.875,1020,72.875,19,13,12,143,176,353,0,4,9.6,météo défavorable,20:51:00,05:09:00,12
2020-07-16,20,12,13,13,20,19,0.5,90,8,1021,63.75,20,14,12,143,119,176,0,5,11.6,météo correcte,20:50:00,05:10:00,12
2020-07-17,22,12,11,14,21,21,0.5,90,8,1021,73.25,25,14,13,143,176,176,0,4,9.6,météo défavorable,20:49:00,05:11:00,12
2020-07-18,25,13,10,14,23,24,0,91,9,1022,9.625,25,14,13,143,116,116,0,6,14.5,météo favorable,20:48:00,05:12:00,13
2020-07-19,27,14,8,15,25,26,0,84,10,1019,17,27,14,15,116,116,116,0,6,14.5,météo favorable,20:47:00,05:13:00,14
2020-07-20,22,13,19,14,21,21,0.2,92,10,1022,50.25,25,14,13,116,119,176,0,5,10.6,météo correcte,20:46:00,05:14:00,13
2020-07-21,23,12,17,12,22,22,0,81,10,1024,9.75,24,10,11,116,116,116,0,5,14.5,météo favorable,20:45:00,05:16:00,12
2020-07-22,24,11,16,12,22,22,0,77,10,1024,2.375,24,9,11,113,116,116,0,5,14.5,météo favorable,20:44:00,05:17:00,11
2020-07-23,24,13,13,14,22,22,0,72,10,1021,31,25,11,13,116,116,119,0,6,13.5,météo favorable,20:42:00,05:18:00,13
2020-07-24,24,13,17,14,23,21,1.7,73,10,1017,62.125,25,15,13,116,119,353,0,5,11.5,météo correcte,20:41:00,05:19:00,13
2020-07-25,24,15,19,15,23,23,0.5,92,8.75,1015,57,25,15,15,143,116,119,0,5,12.5,météo correcte,20:40:00,05:20:00,15
2020-07-26,23,16,19,16,21,22,2.5,89,9.75,1016,55.625,25,16,16,353,119,116,0,5,11.5,météo correcte,20:39:00,05:22:00,16
2020-07-27,28,14,23,15,25,27,0,77,10,1017,7.75,27,13,15,116,116,113,0,6,14.5,météo favorable,20:37:00,05:23:00,14
2020-07-28,24,16,17,16,22,22,0.2,83,10,1018,38.625,25,16,16,176,116,116,0,6,13.5,météo favorable,20:36:00,05:24:00,17
2020-07-29,24,10,5,12,22,24,0,88,10,1022,6.625,25,10,11,116,116,116,0,5,14.5,météo favorable,20:35:00,05:26:00,10
2020-07-30,28,13,17,14,26,27,0,73,10,1021,3.125,27,10,14,116,116,116,0,6,14.5,météo favorable,20:33:00,05:27:00,13
2020-07-31,35,19,21,20,32,34,0.1,72,10,1014,12.375,35,18,20,116,116,116,0,7,14.5,météo favorable,20:32:00,05:28:00,19
2020-08-01,25,18,14,18,25,20,3.8,89,9.5,1017,78.125,26,17,18,176,122,176,0,5,9.4,météo défavorable,20:30:00,05:29:00,18
2020-08-02,22,14,16,14,20,21,0.1,80,10,1019,48,24,12,13,116,116,116,0,5,13.5,météo favorable,20:29:00,05:31:00,14
2020-08-03,21,13,21,13,19,20,1.6,79,10,1018,68,21,10,13,116,353,176,0,5,10.4,météo défavorable,20:27:00,05:32:00,14
2020-08-04,24,11,10,12,21,23,0,88,10,1019,16.625,24,10,11,116,116,116,0,5,14.5,météo favorable,20:26:00,05:33:00,11
2020-08-05,28,13,11,15,26,27,0,65,10,1017,3.25,27,8,15,116,113,116,0,6,14.5,météo idéale,20:24:00,05:35:00,13
2020-08-06,31,17,11,17,28,31,0,59,10,1017,2.125,30,10,17,116,116,113,0,7,14.5,météo favorable,20:23:00,05:36:00,17
2020-08-07,34,19,14,19,31,33,0,69,10,1018,0,32,14,19,113,113,113,0,7,14.5,météo idéale,20:21:00,05:38:00,19
2020-08-08,35,21,15,22,32,35,0.1,62,10,1017,14,36,16,22,116,116,116,0,7,14.5,météo favorable,20:20:00,05:39:00,21
2020-08-09,35,21,9,21,33,34,0.9,77,10,1016,32,34,17,21,116,116,116,0,6,14.5,météo favorable,20:18:00,05:40:00,21
2020-08-10,36,21,7,21,32,34,0.1,72,10,1014,22.625,36,16,21,116,116,116,0,7,14.5,météo favorable,20:16:00,05:42:00,21
2020-08-11,36,24,12,24,33,35,3.3,58,9.5,1013,23.75,36,17,24,200,116,116,0,7,14.5,météo favorable,20:15:00,05:43:00,24
2020-08-12,31,22,12,23,31,25,6.5,73,9.375,1013,69.875,32,19,23,176,176,386,0,6,11.3,météo défavorable,20:13:00,05:44:00,23
2020-08-13,22,18,21,19,21,22,2.9,90,9.25,1013,77.875,25,18,19,122,116,353,0,5,10.2,météo défavorable,20:11:00,05:46:00,18
2020-08-14,22,18,17,18,21,22,3.2,92,9.875,1016,90.625,25,17,18,353,176,176,0,5,9.1,météo défavorable,20:09:00,05:47:00,19
2020-08-15,27,16,6,16,24,26,0,92,9,1015,31.375,26,16,16,143,113,116,0,6,14.5,météo favorable,20:08:00,05:48:00,16
2020-08-16,27,19,23,19,26,25,0.7,79,9.875,1012,24,27,15,19,116,386,116,0,6,13.4,météo correcte,20:06:00,05:50:00,19
2020-08-17,23,15,19,15,21,23,0.6,92,10,1011,53.375,25,14,15,119,353,116,0,5,12.3,météo correcte,20:04:00,05:51:00,15
2020-08-18,24,14,16,14,22,24,0.1,92,9,1013,37.625,25,14,14,143,116,116,0,5,14.5,météo favorable,20:02:00,05:53:00,15
2020-08-19,18,10,16,16,17,15,6,89,9.375,1012,71,18,15,16,122,116,302,0,4,11.2,météo défavorable,20:00:00,05:54:00,16
2020-08-20,29,17,18,19,27,28,0,84,10,1007,33.375,30,17,19,116,116,116,0,6,14,météo favorable,19:59:00,05:55:00,18
2020-08-21,25,20,27,20,22,24,0.7,73,9.875,1015,45.125,26,16,20,116,119,116,0,6,12.2,météo correcte,19:57:00,05:57:00,23
2020-08-22,24,16,27,16,23,22,0.2,89,10,1020,58.125,25,14,16,116,116,116,0,6,11,météo correcte,19:55:00,05:58:00,16
2020-08-23,21,13,18,13,20,20,0.4,91,9.875,1021,62.25,21,12,11,116,119,353,0,4,9.9,météo correcte,19:53:00,05:59:00,14
2020-08-24,22,12,14,12,20,21,0.1,88,10,1020,46.75,23,11,11,116,116,119,0,5,9.2,météo favorable,19:51:00,06:01:00,13
2020-08-25,26,15,32,16,24,24,0,67,10,1015,32.75,26,14,15,116,116,116,0,6,11.6,météo favorable,19:49:00,06:02:00,15
2020-08-26,22,15,22,15,21,21,0,81,10,1019,38.875,25,13,14,116,119,116,0,5,10.4,météo correcte,19:47:00,06:03:00,16
2020-08-27,24,13,15,13,21,23,0.1,78,10,1020,35.875,25,11,14,116,116,116,0,5,11.6,météo favorable,19:45:00,06:05:00,13
2020-08-28,21,14,32,14,20,19,1,87,9.875,1008,66.75,23,15,12,176,176,176,0,4,7.9,météo défavorable,19:43:00,06:06:00,15
2020-08-29,18,11,22,11,17,16,4.6,95,10,1009,72.375,18,11,9,353,122,353,0,3,6.7,météo défavorable,19:41:00,06:08:00,12
2020-08-30,16,11,29,13,15,15,9.7,94,7.375,1017,85.25,16,12,11,296,266,176,0,4,6.7,météo défavorable,19:39:00,06:09:00,11
2020-08-31,19,11,17,11,18,17,0,88,10,1020,30.75,19,10,9,116,116,116,0,4,11.6,météo favorable,19:37:00,06:10:00,11
2020-09-01,18,10,10,10,17,16,0,88,10,1020,22.125,18,8,9,116,116,116,0,4,11.6,météo favorable,19:35:00,06:12:00,10
2020-09-02,20,10,12,10,18,18,0,81,10,1021,9.875,20,7,8,113,113,113,0,5,11.6,météo favorable,19:33:00,06:13:00,10
2020-09-03,25,13,14,13,22,23,0,68,10,1022,16.375,25,10,12,116,116,116,0,5,11.6,météo favorable,19:31:00,06:14:00,13
2020-09-04,27,17,12,17,25,25,0,87,10,1023,20.375,27,15,17,116,116,116,0,5,11.6,météo favorable,19:29:00,06:16:00,17
2020-09-05,19,13,15,14,17,17,0.1,83,10,1023,55.375,19,13,14,119,116,119,0,5,9.1,météo correcte,19:27:00,06:17:00,14
2020-09-06,18,11,12,11,17,17,0.5,84,9.875,1023,66.125,18,9,10,116,176,176,0,5,6.5,météo défavorable,19:25:00,06:19:00,11
2020-09-07,21,10,9,10,19,19,0,91,10,1026,10.625,23,9,9,116,116,116,0,5,11.6,météo favorable,19:23:00,06:20:00,10
2020-09-08,23,13,9,13,22,22,0,87,10,1028,30.25,25,13,13,116,116,116,0,5,11.6,météo favorable,19:21:00,06:21:00,13
2020-09-09,25,15,13,15,23,23,0,89,10,1026,28,26,15,15,116,116,116,0,6,11.6,météo favorable,19:19:00,06:23:00,16
2020-09-10,24,15,9,15,22,23,1,97,7.875,1023,59.625,26,15,14,143,119,353,0,6,7.7,météo correcte,19:17:00,06:24:00,15
2020-09-11,26,16,8,16,24,24,0.1,82,10,1018,48.75,26,14,16,116,119,116,0,6,9,météo correcte,19:15:00,06:26:00,16
2020-09-12,23,12,11,12,20,22,0,92,10,1022,20.875,25,13,11,116,116,116,0,5,10.3,météo favorable,19:12:00,06:27:00,13
2020-09-13,27,13,8,13,24,27,0,76,10,1025,0.25,29,9,13,113,113,113,0,6,11.6,météo favorable,19:10:00,06:28:00,13
2020-09-14,32,16,15,16,28,31,0,70,10,1022,1.25,32,13,16,113,113,116,0,7,11.6,météo idéale,19:08:00,06:30:00,17
2020-09-15,31,20,14,20,29,30,0,52,10,1019,13.25,31,14,20,116,116,116,0,7,11.6,météo favorable,19:06:00,06:31:00,20
2020-09-16,29,18,12,18,26,27,0.1,75,10,1020,36,29,16,18,116,116,116,0,6,11.6,météo favorable,19:04:00,06:32:00,19
2020-09-17,27,17,19,17,24,25,2.3,91,9.875,1021,44.125,27,17,17,176,116,116,0,5,11.6,météo favorable,19:02:00,06:34:00,19
2020-09-18,26,15,19,15,23,24,0,72,10,1020,2.75,27,13,14,116,116,116,0,6,11.6,météo favorable,19:00:00,06:35:00,16
2020-09-19,26,19,16,19,23,25,2.6,81,9.75,1013,65.75,27,16,19,116,176,119,0,6,7.5,météo défavorable,18:58:00,06:37:00,20
2020-09-20,25,16,10,16,23,23,2.9,95,7.625,1015,49,26,16,16,143,116,116,0,5,11.6,météo favorable,18:55:00,06:38:00,17
2020-09-21,27,17,7,17,25,24,1.8,87,9.5,1015,61.625,27,15,17,176,116,116,0,6,10.2,météo correcte,18:53:00,06:40:00,18
2020-09-22,25,13,12,13,23,24,2,74,9.75,1014,29.25,26,15,13,116,116,116,0,6,11.6,météo favorable,18:51:00,06:41:00,14
2020-09-23,21,15,23,15,19,19,2.7,94,9.875,1009,72.625,21,14,14,119,176,176,0,4,6,météo défavorable,18:49:00,06:42:00,15
2020-09-24,17,6,34,10,17,9,5,85,9.5,1007,58.875,17,11,7,116,122,302,0,4,6,météo correcte,18:47:00,06:44:00,11
2020-09-25,12,8,31,9,11,11,3.6,82,9.25,1016,55.375,12,6,5,296,176,353,0,4,8.8,météo défavorable,18:45:00,06:45:00,9
2020-09-26,12,8,31,8,11,10,0.1,81,10,1011,72.75,12,5,5,176,122,122,0,3,6,météo défavorable,18:43:00,06:47:00,8
2020-09-27,11,6,36,10,11,10,16.4,86,6.75,1010,97.625,11,10,7,119,296,302,0,3,6,météo très défavorable,18:41:00,06:48:00,10
2020-09-28,14,11,21,13,14,14,5.8,92,8.75,1017,89,14,12,11,266,296,176,0,3,5.9,météo défavorable,18:38:00,06:50:00,13
2020-09-29,19,11,12,12,16,17,4.5,93,6.625,1017,71.375,19,13,11,143,266,353,0,5,5.9,météo défavorable,18:36:00,06:51:00,11
2020-09-30,19,13,21,13,18,17,1.1,93,10,1017,64.5,19,12,12,116,116,176,0,4,7.3,météo correcte,18:34:00,06:52:00,13
2020-10-01,15,12,24,13,15,14,5.8,87,8.875,1006,82.625,15,12,10,302,176,176,0,3,7.3,météo défavorable,18:32:00,06:54:00,14
2020-10-02,13,10,31,11,13,11,16.5,86,8.5,997,86.125,13,9,8,122,302,296,0,4,5.9,météo très défavorable,18:30:00,06:55:00,11
2020-10-03,13,7,19,7,12,12,2.1,93,9.75,988,55.25,13,9,5,116,176,353,0,3,7.3,météo correcte,18:28:00,06:57:00,9
2020-10-04,14,8,28,8,13,12,4.9,88,9.5,998,66.375,14,8,5,302,122,353,0,4,8.7,météo défavorable,18:26:00,06:58:00,10
2020-10-05,12,10,37,10,11,12,5.5,87,9.5,1008,85.625,12,9,6,296,296,176,0,3,5.6,météo défavorable,18:24:00,07:00:00,10
2020-10-06,14,11,32,12,14,13,1.2,86,9,1009,89.625,14,10,10,266,353,353,0,3,5.6,météo défavorable,18:22:00,07:01:00,12
2020-10-07,15,11,23,11,14,14,0.3,90,10,1020,66.625,15,10,8,176,176,116,0,3,10.1,météo défavorable,18:20:00,07:03:00,11
2020-10-08,18,11,28,14,17,17,0.1,84,10,1021,88,18,12,12,122,176,122,0,4,5.6,météo défavorable,18:18:00,07:04:00,13
2020-10-09,16,11,17,13,16,14,1.4,90,7.375,1023,52.125,16,13,13,266,116,116,0,3,11.1,météo correcte,18:16:00,07:06:00,15
2020-10-10,13,8,16,8,13,12,0.2,89,9.875,1025,45.5,13,8,6,119,116,176,0,4,8.6,météo correcte,18:14:00,07:07:00,10
2020-10-11,14,8,22,8,13,11,2.7,91,9.5,1025,75.5,14,7,6,353,176,176,0,4,5.5,météo défavorable,18:12:00,07:09:00,9
2020-10-12,13,6,13,6,12,12,0.5,92,9.375,1025,58.5,13,6,5,116,122,176,0,4,7,météo correcte,18:10:00,07:10:00,7
2020-10-13,13,8,25,9,12,10,3.2,91,6.625,1015,87.5,13,8,6,266,296,353,0,3,5.5,météo défavorable,18:08:00,07:12:00,9
2020-10-14,13,7,23,7,11,11,0.3,94,8.75,1018,75.375,13,6,5,122,176,176,0,3,7,météo défavorable,18:06:00,07:13:00,7
2020-10-15,10,7,18,7,9,10,0,88,10,1021,80.875,10,5,4,122,119,122,0,3,5.4,météo défavorable,18:04:00,07:15:00,7
2020-10-16,12,4,14,4,10,10,0,85,10,1022,63.875,12,4,1,119,116,119,0,3,8.5,météo très défavorable,18:02:00,07:16:00,5
2020-10-17,12,5,8,5,11,11,0,93,10,1022,39.875,12,5,3,116,116,119,0,3,10.8,météo très défavorable,18:00:00,07:18:00,6
2020-10-18,13,7,6,7,12,11,0,77,10,1025,25.625,13,4,6,116,116,119,0,4,8.7,météo correcte,17:59:00,07:19:00,8
2020-10-19,13,7,21,7,12,11,0,81,10,1024,29.75,13,6,5,119,116,116,0,4,8.7,météo correcte,17:57:00,07:21:00,7
2020-10-20,17,11,29,13,17,14,3,77,9.625,1011,78.625,17,12,11,119,119,296,0,4,3.9,météo défavorable,17:55:00,07:22:00,11
2020-10-21,18,14,39,17,16,17,5.5,80,9.5,1010,77.25,18,13,16,116,176,353,0,4,3.9,météo défavorable,17:53:00,07:24:00,15
2020-10-22,19,14,21,14,18,16,3.3,93,9.875,1014,66.75,19,13,12,353,122,176,0,5,3.8,météo défavorable,17:51:00,07:25:00,15
2020-10-23,17,11,27,12,17,13,1,95,8.875,1017,47.125,17,12,11,116,116,176,0,3,8.7,météo correcte,17:50:00,07:27:00,12
2020-10-24,16,10,29,10,15,15,0,95,9,1018,67.5,16,11,8,122,116,122,0,4,7.1,météo défavorable,17:48:00,07:28:00,10
2020-10-25,14,9,27,12,12,11,7.2,83,9.5,1006,76.75,14,10,9,296,353,176,0,4,3.8,météo défavorable,17:46:00,07:30:00,13
2020-10-26,13,7,25,7,12,11,0.1,93,10,1006,49.625,13,7,4,116,116,176,0,2,8.7,météo correcte,17:44:00,07:31:00,8
2020-10-27,11,4,33,7,10,8,1.5,88,9,1009,78.625,11,12,4,116,176,266,0,2,3.8,météo défavorable,17:43:00,07:33:00,7
2020-10-28,13,8,28,10,12,12,2.9,86,9.875,1015,70.375,13,10,7,119,116,353,0,3,7.1,météo défavorable,17:41:00,07:35:00,10
2020-10-29,15,10,23,11,14,14,0,89,10,1023,85.25,15,10,8,119,122,119,0,3,3.8,météo défavorable,17:39:00,07:36:00,10
2020-10-30,15,12,19,12,14,14,0.1,90,10,1024,67.875,15,11,11,119,122,176,0,3,3.8,météo défavorable,17:38:00,07:38:00,12
2020-10-31,16,9,26,9,14,16,0.1,94,10,1023,35.75,16,11,7,116,116,119,0,4,8.7,météo correcte,17:36:00,07:39:00,10
2020-11-01,17,12,37,14,16,17,0.2,88,10,1017,90.75,17,15,14,122,176,176,0,4,3.7,météo défavorable,17:34:00,07:41:00,12
2020-11-02,18,11,35,17,18,13,1.4,81,8.125,1021,82.125,18,15,14,176,119,293,0,4,3.7,météo défavorable,17:33:00,07:42:00,17
2020-11-03,11,6,27,7,11,8,0.1,84,10,1028,51,11,6,4,122,176,116,0,3,7,météo défavorable,17:31:00,07:44:00,7
2020-11-04,10,4,17,4,9,8,0,88,10,1034,11.25,10,3,2,116,116,116,0,3,8.7,météo très défavorable,17:30:00,07:46:00,4
2020-11-05,11,4,22,4,10,8,0,90,10,1036,1.375,11,4,1,116,113,113,0,3,8.7,météo très défavorable,17:28:00,07:47:00,5
2020-11-06,12,4,16,4,9,10,0,87,10,1032,6,12,8,1,113,116,116,0,3,8.7,météo très défavorable,17:27:00,07:49:00,5
2020-11-07,16,8,11,9,14,14,0,91,10,1023,29.625,16,10,8,116,116,116,0,4,8.7,météo correcte,17:25:00,07:50:00,9
2020-11-08,17,13,16,13,15,14,1.2,92,7.75,1021,61.5,17,12,12,122,263,116,0,4,5.3,météo correcte,17:24:00,07:52:00,13
2020-11-09,16,10,11,10,14,14,0.2,93,9.875,1022,67.5,16,11,9,116,122,122,0,3,3.6,météo défavorable,17:22:00,07:53:00,11
2020-11-10,15,11,11,11,14,13,0.4,92,9.875,1026,69.125,15,10,10,353,176,119,0,3,3.6,météo défavorable,17:21:00,07:55:00,12
2020-11-11,13,8,15,9,12,12,1.1,95,7.75,1025,68.25,13,9,8,143,119,116,0,3,3.6,météo défavorable,17:20:00,07:56:00,9
2020-11-12,14,8,19,11,13,12,0.2,89,10,1020,57.25,14,11,9,119,119,116,0,4,7,météo correcte,17:18:00,07:58:00,12
2020-11-13,14,10,20,11,13,13,0.1,87,10,1020,60.25,14,10,9,176,116,119,0,4,5.3,météo correcte,17:17:00,07:59:00,11
2020-11-14,15,10,26,10,14,14,0,94,10,1019,42.375,15,10,7,116,116,122,0,3,6.9,météo correcte,17:16:00,08:01:00,10
2020-11-15,14,9,43,13,14,11,3.3,83,9.75,1012,83,14,10,10,176,119,296,0,4,3.4,météo défavorable,17:15:00,08:02:00,13
2020-11-16,11,9,23,9,11,10,0.1,79,10,1025,50.875,11,6,5,176,116,119,0,3,6.9,météo défavorable,17:14:00,08:04:00,10
2020-11-17,12,7,13,7,11,10,0,93,10,1027,31.75,12,8,5,116,116,116,0,3,8.7,météo défavorable,17:12:00,08:05:00,7
2020-11-18,14,7,19,7,13,12,0,88,10,1026,22.375,14,9,5,113,116,116,0,4,8.7,météo correcte,17:11:00,08:07:00,8
2020-11-19,11,6,29,7,10,8,1.1,78,9.875,1034,52.625,11,8,4,116,119,176,0,2,5.2,météo défavorable,17:10:00,08:08:00,9
2020-11-20,8,4,6,5,7,6,0.2,83,10,1038,47.875,8,3,4,116,116,116,0,2,8.7,météo très défavorable,17:09:00,08:10:00,4
2020-11-21,8,3,12,3,7,6,0,89,10,1036,9.375,8,2,1,116,116,116,0,3,8.7,météo très défavorable,17:08:00,08:11:00,4
2020-11-22,9,5,8,5,8,8,0,74,10,1031,49.875,9,3,3,116,116,116,0,3,8.7,météo très défavorable,17:08:00,08:13:00,5
2020-11-23,10,5,6,5,9,8,0,93,10,1029,54.375,10,7,5,116,119,116,0,3,3.3,météo très défavorable,17:07:00,08:14:00,6
2020-11-24,9,5,15,5,8,7,0,94,8,1028,24.75,9,6,3,143,116,116,0,3,8.7,météo très défavorable,17:06:00,08:15:00,6
2020-11-25,10,6,16,6,9,9,0,91,10,1017,52.75,10,6,3,119,119,116,0,2,6.9,météo défavorable,17:05:00,08:17:00,6
2020-11-26,11,6,8,6,10,9,0,91,10,1019,36.75,11,6,5,116,116,116,0,3,8.7,météo défavorable,17:04:00,08:18:00,7
2020-11-27,10,5,10,5,9,8,0,91,10,1020,30.25,10,6,4,116,116,116,0,3,8.7,météo très défavorable,17:04:00,08:20:00,6
2020-11-28,11,6,12,6,10,8,0,93,10,1018,11.5,11,6,5,116,116,116,0,3,8.7,météo défavorable,17:03:00,08:21:00,7
2020-11-29,8,3,14,3,7,6,0,81,10,1025,0.75,8,1,0,113,113,113,0,3,8.7,météo très défavorable,17:02:00,08:22:00,4
2020-11-30,7,1,7,1,5,6,0.1,92,10,1028,31.125,7,4,-1,116,116,116,0,2,8.7,météo très défavorable,17:02:00,08:23:00,2
2020-12-01,9,4,22,8,7,6,1.8,83,8.625,1024,75,9,8,3,266,116,176,0,2,6.9,météo défavorable,17:01:00,08:25:00,9
2020-12-02,8,5,22,6,8,7,1.2,90,9.625,1021,85.75,8,5,2,122,176,353,0,2,3.3,météo très défavorable,17:01:00,08:26:00,5
2020-12-03,6,0,26,4,6,4,3.5,92,7.75,1013,94.5,6,5,1,266,122,266,0,1,3.3,météo très défavorable,17:00:00,08:27:00,6
2020-12-04,6,2,39,5,5,3,10.1,84,9,989,70,6,4,-1,302,317,176,0,1,3.3,météo très défavorable,17:00:00,08:28:00,6
2020-12-05,5,1,21,1,4,5,2.8,94,9.5,992,70.125,5,2,-4,119,119,116,1.3,1,6.9,météo très défavorable,17:00:00,08:29:00,2
2020-12-06,5,0,19,4,5,4,3.7,93,9.5,1000,97.25,5,4,0,176,302,353,0,1,3.1,météo très défavorable,16:59:00,08:31:00,4
2020-12-07,6,3,6,3,5,5,0.4,94,8,1000,91.25,6,3,1,266,122,176,0,1,3.1,météo très défavorable,16:59:00,08:32:00,3
2020-12-08,4,1,15,1,3,2,0,92,10,1009,69,4,1,-3,122,122,116,0,1,5,météo très défavorable,16:59:00,08:33:00,1
2020-12-09,6,1,12,3,4,4,0,92,10,1011,77.875,6,2,-1,122,122,122,0,1,3.1,météo très défavorable,16:59:00,08:34:00,2
2020-12-10,5,-1,24,3,4,3,1.4,91,8,1006,95.375,5,5,-2,122,266,122,0,1,3.1,météo très défavorable,16:59:00,08:35:00,3
2020-12-11,10,4,22,7,9,9,7.8,96,7.75,999,96,10,8,4,302,266,176,0,2,3.1,météo défavorable,16:59:00,08:36:00,6
2020-12-12,8,5,28,8,8,6,3.8,94,8.625,1009,82.5,8,7,4,266,353,176,0,2,3.1,météo très défavorable,16:59:00,08:37:00,8
2020-12-13,6,3,24,3,5,6,0.1,91,10,1012,60.75,6,5,0,116,119,176,0,2,5,météo très défavorable,16:59:00,08:38:00,3
2020-12-14,9,4,22,8,9,9,1.5,94,6.875,1008,95.125,9,8,5,266,122,266,0,2,3.1,météo défavorable,16:59:00,08:38:00,8
2020-12-15,10,7,20,10,10,8,11.9,94,7.375,1015,74,10,9,7,296,266,176,0,2,3.1,météo défavorable,16:59:00,08:39:00,10
2020-12-16,10,5,21,5,8,9,0,95,10,1014,53.5,10,7,2,116,116,116,0,3,8.6,météo très défavorable,17:00:00,08:40:00,6
2020-12-17,10,7,18,7,9,8,0.2,94,9,1023,62,10,7,4,266,116,119,0,2,8.6,météo défavorable,17:00:00,08:41:00,8
2020-12-18,10,5,21,6,9,9,0.1,95,10,1023,40.875,10,7,3,119,116,116,0,2,8.6,météo défavorable,17:00:00,08:41:00,7
2020-12-19,11,8,27,9,10,10,2.6,89,9.75,1016,83.375,11,8,6,116,296,122,0,3,3.2,météo défavorable,17:01:00,08:42:00,9
2020-12-20,10,4,15,6,9,8,0,93,10,1022,53.5,10,7,3,116,116,116,0,3,8.6,météo défavorable,17:01:00,08:42:00,7
2020-12-21,10,5,34,7,9,10,3.3,95,8.625,1022,90.375,11,11,4,122,302,266,0,3,3.2,météo défavorable,17:02:00,08:43:00,6
2020-12-22,14,10,26,12,13,14,3.6,95,8.625,1019,91.75,14,12,10,176,302,176,0,3,3.2,météo défavorable,17:02:00,08:43:00,13
2020-12-23,13,9,28,11,12,11,8.5,94,9.25,1017,90,13,12,9,296,122,302,0,3,3.2,météo défavorable,17:03:00,08:44:00,12
2020-12-24,8,3,30,8,7,4,2.6,86,8.75,1024,88.125,8,6,1,266,296,362,0,2,3.2,météo très défavorable,17:03:00,08:44:00,8
2020-12-25,5,1,25,3,5,3,9.9,91,8.75,1031,85.625,5,2,-2,320,176,362,2.6,1,3.2,météo très défavorable,17:04:00,08:45:00,3
2020-12-26,4,-1,21,0,3,3,0,88,10,1030,60.375,4,2,-2,116,116,119,0,2,6.9,météo très défavorable,17:05:00,08:45:00,0
2020-12-27,7,3,54,6,7,5,17.9,86,8.75,1013,96,7,5,1,122,302,308,0,2,3.2,météo très défavorable,17:06:00,08:45:00,6
2020-12-28,5,2,30,3,2,5,2.6,93,9.5,978,89.5,5,2,-3,200,116,353,0,1,3.2,météo très défavorable,17:06:00,08:45:00,3
2020-12-29,4,1,24,2,3,3,8.2,93,7.5,995,85.625,4,3,-3,371,116,317,2.4,1,3.2,météo très défavorable,17:07:00,08:46:00,3
2020-12-30,5,-2,15,1,4,3,0.3,95,6.625,1008,69.125,5,2,-3,143,116,353,0,1,6.9,météo très défavorable,17:08:00,08:46:00,1
2020-12-31,5,1,20,5,4,2,2.7,95,8.5,1006,82,5,5,0,296,266,329,0.1,1,3.2,météo très défavorable,17:09:00,08:46:00,5